,Gene Name,Statistic,pvalue_x,pvalue_y
0,KCTD3,4.6185061926430615,3.865124472716173e-06,6.62475852475807e-06
1,PRPF40A,4.2733830773086225,1.9252926336155072e-05,7.89807194076157e-05
2,CDC73,4.264348440781544,2.0048637324894128e-05,0.0004382746946465
3,TMEM191A,-3.960784653471671,7.470388112418716e-05,7.48333739012352e-05
4,PIK3CA,3.805388905205903,0.0001415815526983116,0.0034014509729021
5,AACS,-3.702394048797196,0.00021357456103055,0.0001230747569219
6,WFDC2,-3.695166339575532,0.00021974287913499935,4.44942891241116e-06
7,SCYL3,3.6066269016101526,0.0003102031859555245,1.03052771212035e-05
8,ITPKA,-3.583136846639746,0.0003394926341969784,1.48343837411735e-05
9,DDX59,3.5704883555018347,0.0003563162950470861,0.0001300490904758
10,NFXL1,3.561453718974755,0.00036880712470102546,9.31841070249495e-05
11,C16orf87,3.5524190824476753,0.0003817063978970154,0.0003594976259805
12,CDK5,-3.527122100171853,0.00042010298294181496,1.57955383707746e-05
13,WDR75,3.523508245561021,0.0004258738455770948,0.0029442301351629
14,LINC00538,3.523508245561021,0.0004258738455770948,0.0037790804567109
15,KPNA5,3.5108597544231097,0.0004466599770152182,0.0004737311811792
16,ATP6V1G2-DDX39B,3.4909835540635346,0.0004812458757299752,0.0035389669873554
17,NHLRC2,3.4765281356202076,0.0005079509291743054,0.0029774131010148
18,MARCH7,3.47110735370396,0.0005183167370483648,0.0043748363185865
19,H1F0,3.467493499093128,0.0005253364488926526,1.0481292875003e-05
20,FAM75C1,-3.4331618802902257,0.0005965857888486654,0.0073722002350439
21,CWC22,3.424127243763146,0.0006167773435614587,0.0003374666132518
22,BNIP2,3.420513389152314,0.000625030589278914,0.0161217304759418
23,HPCAL1,-3.398830261487323,0.0006767470192415743,0.0008335102606206
24,RSPH3,3.368112497295253,0.0007568470691895283,0.0062994635245506
25,C9orf102,3.364498642684421,0.0007668286144623862,0.0029411310632437
26,DDX21,3.3626917153790052,0.0007718650915473656,0.0036788671466908
27,GNAT2,3.346429369630262,0.0008185953106912705,0.0002949716606546
28,RSRC2,3.330167023881519,0.000867939037349861,0.0076362182117473
29,HDGF,3.328360096576103,0.0008735886961433937,0.0001987827460798
30,RRN3P2,3.31209775082736,0.000925991845148926,0.0043109231776721
31,TMEM160,-3.31209775082736,0.000925991845148926,0.0036766241737789
32,CRELD1,-3.288607695856953,0.0010068425604276357,0.0024303935909509
33,SETD6,3.274152277413626,0.001059794832467006,0.0029600420317388
34,TROVE2,3.270538422802794,0.0010734295885343012,0.0007442284471728
35,RBM17,3.268731495497378,0.0010803076485860718,0.0005340172126811
36,PTPRN2,-3.266924568191962,0.0010872264531342443,0.0019549569471358
37,SLC19A2,3.248855295137803,0.0011587040578184783,0.0285108423971978
38,NLRP10,-3.2325929493890597,0.0012267222071821195,0.0002633524861587
39,PTDSS2,-3.2325929493890597,0.0012267222071821195,0.0011970091242453
40,CCDC75,3.230786022083644,0.0012345032045498743,0.0008588062995731
41,C6orf170,3.210909821724069,0.001323154496621525,0.0034972009278909
42,NRP2,3.209102894418653,0.0013314983284609411,0.0046420380850311
43,TMEM212,3.209102894418653,0.0013314983284609411,0.0293860228957511
44,ZNF597,3.2072959671132373,0.0013398906835087577,0.0011583371028447
45,SNORA55,3.2036821125024053,0.0013568219828880388,0.0039213239596906
46,GTPBP4,3.196454403280742,0.0013912781416141602,0.0002929745920555
47,GNL3,3.19284054866991,0.0014088071591009733,0.009942538508683
48,VSTM2L,-3.18380591214283,0.0014535243620411652,1.04469777576625e-06
49,THEM5,-3.1765782029211667,0.0014902360487950856,0.0037394074616697
50,ZHX1,3.1765782029211667,0.0014902360487950856,0.026025258530061
51,NEURL,-3.1765782029211667,0.0014902360487950856,1.52054055463162e-05
52,MAP3K7,3.174771275615751,0.001499546503390431,0.0030134057637286
53,ROGDI,-3.174771275615751,0.001499546503390431,6.37453692853926e-05
54,SDCBP,3.1729643483103347,0.0015089105216364803,0.0373832715523127
55,MAP1LC3A,-3.171157421004919,0.0015183283809391762,0.0005757595409126
56,SENP2,3.169350493699503,0.0015278003599468934,0.0060556829991518
57,ERCC4,3.165736639088671,0.0015469077979094938,0.0004951227126865
58,L3MBTL3,3.1639297117832554,0.0015565438204129757,0.0031006285218254
59,ARF5,-3.1603158571724235,0.0015759818907799454,0.0022758927000635
60,EDNRA,3.1585089298670077,0.0015857845097659974,0.0009232855195344
61,XPOT,3.1548950752561757,0.0016055583526938665,0.0007803437805331
62,EPC2,3.1512812206453438,0.0016255589336268814,0.0047902171043324
63,EPRS,3.1440535114236803,0.0016662496730659388,0.0319416009564905
64,ATP13A2,-3.1386327295074326,0.0016973804379204088,0.0035196441314321
65,LOC100132111,-3.136825802202017,0.0017078756634064613,0.0028450242737626
66,SLK,3.136825802202017,0.0017078756634064613,0.013544478802993
67,FAM208B,3.1350188748966006,0.0017184305448901783,0.000315937584638
68,COBLL1,3.1350188748966006,0.0017184305448901783,0.0082181718407938
69,RBL2,3.1350188748966006,0.0017184305448901783,0.001560640941224
70,ZZZ3,3.131405020285769,0.0017397204949225022,0.0011874896143617
71,TRIM3,-3.129598092980353,0.0017504561763536336,0.0002704312609288
72,LOC728743,-3.127791165674937,0.0017612527395566282,0.0004582705703295
73,DUX4L4,-3.127791165674937,0.0017612527395566282,3.49090804128937e-05
74,MOSPD3,-3.1133357472316097,0.0018498544517421374,0.0008323300276571
75,TMEM170A,3.111528819926194,0.0018612130558690835,0.0009096874976355
76,SSB,3.0970734014828665,0.0019544147362053573,0.0205004501389792
77,MED17,3.086231837650371,0.002027107011944273,0.0007073520449315
78,CENPC1,3.0771972011232918,0.0020895701335795743,0.0002392220857118
79,KLHL20,3.0753902738178756,0.002102272664764434,0.0003662830151844
80,RAB3D,-3.068162564596212,0.002153794167314776,0.0097027726241613
81,ZBTB41,3.068162564596212,0.002153794167314776,0.000552225394954
82,GPATCH2,3.0663556372907963,0.0021668541611966994,0.0005967156152388
83,NXNL1,-3.06454870998538,0.0021799867171644494,0.0076248488398013
84,FKBP1B,-3.06454870998538,0.0021799867171644494,0.0005819090899074
85,LOC401093,3.0482863642366373,0.0023015049263374896,0.0010690275101368
86,ENAH,3.0428655823203896,0.002343369820355913,0.0014143054688985
87,C11orf85,3.037444800404142,0.0023859309886202474,0.0126690758046481
88,SNORD6,3.037444800404142,0.0023859309886202474,0.0170717853419
89,SLFN5,3.032024018487894,0.002429198739753595,0.0326792662439808
90,TMEM52,-3.028410163877062,0.0024584416023727654,5.83322798400376e-05
91,GCFC2,3.028410163877062,0.0024584416023727654,0.0045298949250983
92,SLC48A1,-3.0266032365716464,0.002473183511648868,0.0005383368780182
93,RPUSD3,-3.02479630926623,0.0024880062630788682,0.0014410044160026
94,GTF3C3,3.0193755273499825,0.002532963525086522,0.0038074725187567
95,SORBS1,3.015761672739151,0.0025633465229489664,0.0268350782624176
96,PPDPF,-3.012147818128319,0.0025940624612716856,0.0028135257472553
97,NAA50,3.0103408908229032,0.0026095462954595842,0.023816648926466
98,CCDC50,3.008533963517487,0.0026251145829141453,0.0010755174845517
99,NPTX2,-3.0031131816012393,0.0026723302685153546,0.0092684058544699
100,SMARCA1,3.0031131816012393,0.0026723302685153546,0.0277133711139796
101,DOCK7,3.0013062542958235,0.002688240481077825,0.009595592980179
102,UFL1,3.0013062542958235,0.002688240481077825,0.002164314412523
103,TAF2,2.9976923996849916,0.002720320877288591,0.0019870658242459
104,LOC100506035,2.995885472379576,0.0027364918985576087,0.0049034551169983
105,MCL1,2.99407854507416,0.002752750696525011,0.0112095014435577
106,C2CD4D,-2.992271617768744,0.0027690976942720625,0.0119653542801592
107,RMND5B,-2.990464690463328,0.0027855333165976316,0.008888406091612
108,CTSL3,2.9850439085470803,0.002835376204906226,0.0001737344425813
109,WDR26,2.9814300539362484,0.0028690557857443313,0.0135662549412732
110,NSRP1,2.977816199325417,0.002903100207255188,0.0173526819813009
111,SOCS1,-2.972395417409169,0.0029548585858207924,0.0256160027103503
112,HRAS,-2.970588490103753,0.0029722976116282364,0.0075208768987298
113,CBWD3,2.9633607808820894,0.0030429967799405345,0.0015000670185677
114,TBCEL,2.9615538535766737,0.003060909589726016,0.0020572620450084
115,FTSJD1,2.9615538535766737,0.003060909589726016,0.0062067216966191
116,NUDT21,2.9579399989658417,0.0030970240077642618,0.0046828626479124
117,STX1A,-2.952519217049594,0.0031519245072644648,7.7688591249594e-06
118,CHID1,-2.952519217049594,0.0031519245072644648,0.0193524585961041
119,LOC100289178,2.950712289744178,0.0031704208861870033,0.0315654581993534
120,DARS,2.948905362438762,0.0031890161460128223,0.0495982491444289
121,WNK3,2.948905362438762,0.0031890161460128223,0.0001756968343415
122,LCA5,2.948905362438762,0.0031890161460128223,0.0042276571691334
123,RFX5,2.9434845805225143,0.0032453998959096745,0.0058771100219068
124,CCDC47,2.9434845805225143,0.0032453998959096745,0.028807381202899
125,RNF169,2.9434845805225143,0.0032453998959096745,0.01239327660337
126,MIR4324,2.9398707259116827,0.00328349208861583,0.00417181938047
127,MFN1,2.927222234773771,0.003420044031926822,0.0182522219853692
128,FUBP3,2.9218014528575234,0.0034801331331716736,0.0211257458336955
129,PRSS3,-2.918187598246692,0.0035207246447049837,2.11702058379829e-06
130,NCKAP1,2.9163806709412756,0.003541181527001166,0.0071587733368124
131,VSIG10L,-2.9163806709412756,0.003541181527001166,0.002266885406883
132,SCN1B,-2.91457374363586,0.00356174649519172,0.0214324192615434
133,HCG23,-2.9109598890250283,0.0036032027055368,0.0069977688769707
134,CAMK4,-2.9055391071087806,0.0036662103182674914,0.0109137963688185
135,IARS,2.9019252524979486,0.003708770224689163,0.0074236671592637
136,TMEM191C,-2.900118325192533,0.0037302181733419744,0.0460091201072573
137,PDS5A,2.8983113978871167,0.0037517788107172406,0.0104348779255069
138,C1orf9,2.896504470581701,0.003773452658122909,0.0021709350175602
139,SLC43A2,-2.896504470581701,0.003773452658122909,0.0230098349851311
140,PRPF38B,2.894697543276285,0.0037952402388629855,0.0051294429690805
141,COPS6,-2.892890615970869,0.0038171420782429208,0.0067567649356459
142,MARCH11,-2.891083688665453,0.0038391587035748664,0.0021073946939891
143,TRIM72,-2.891083688665453,0.0038391587035748664,0.0458867933597842
144,BCLAF1,2.8892767613600374,0.0038612906441830926,0.0052729606823903
145,MTHFD2,2.887469834054621,0.003883538431409332,0.0069678119179061
146,TPTE,2.8838559794437897,0.003928383681201865,0.0001193239268106
147,LATS1,2.8802421248329577,0.003973698744238015,0.0148552311029271
148,STK38L,2.878435197527542,0.003996533805664364,0.0186516234908963
149,TMPRSS11D,2.878435197527542,0.003996533805664364,0.0096573062244057
150,ACBD3,2.8766282702221257,0.004019487944424555,0.0241478767328443
151,ISG20L2,2.8766282702221257,0.004019487944424555,0.0007617706130884
152,PPP4R2,2.87482134291671,0.0040425617061320895,0.0036483633006078
153,GPR143,-2.8730144156112942,0.00406575563846072,3.22188934922822e-06
154,STAG1,2.871207488305878,0.0040890702911497755,0.0070494826867116
155,TRMT11,2.8694005610004623,0.0041125062160095385,0.000791548019774
156,ANKRD36BP1,2.8694005610004623,0.0041125062160095385,0.0378927195552912
157,RAB24,-2.8675936336950465,0.004136063966926586,0.0008152283912989
158,CCNJ,2.8657867063896303,0.004159744099869186,0.008519258981779
159,STK32C,-2.8657867063896303,0.004159744099869186,0.0051669002971522
160,E2F5,2.8639797790842145,0.004183547172892567,0.0053583319978619
161,PNPLA5,-2.8639797790842145,0.004183547172892567,0.001718067447502
162,C3orf19,2.8621728517787988,0.004207473746144389,0.0086717922090408
163,CATSPERD,2.8621728517787988,0.004207473746144389,0.0009059106178364
164,SRBD1,2.856752069862551,0.004280000100245029,0.0140638015121016
165,KCNS2,-2.854945142557135,0.004304426317922061,6.01226731969841e-05
166,ZFP1,2.853138215251719,0.004328978868138925,0.0086624483506777
167,KCTD20,2.8513312879463033,0.00435365832371006,0.0007952499619177
168,WDR3,2.8477174333354713,0.004403400252827703,0.0008549676180671
169,C8orf37,2.8477174333354713,0.004403400252827703,0.0019659096649773
170,OGDHL,-2.8477174333354713,0.004403400252827703,0.0312934824361223
171,MRPL19,2.8459105060300556,0.004428463882673967,0.0066157045935979
172,BEGAIN,-2.8459105060300556,0.004428463882673967,0.0127914979976296
173,BROX,2.8459105060300556,0.004428463882673967,0.0098045820596033
174,KIF5B,2.8386827968083916,0.004530016427667868,0.0207928216199257
175,BCAS4,-2.836875869502976,0.004555732004105173,0.001455698889858
176,YOD1,2.836875869502976,0.004555732004105173,0.0022237972302054
177,FAM209A,2.83506894219756,0.004581579737714816,0.0328519873284436
178,RBM8A,2.833262014892144,0.004607560222851261,0.0110907412143018
179,RSPRY1,2.833262014892144,0.004607560222851261,0.0124032926334739
180,COX8A,-2.833262014892144,0.004607560222851261,0.0070341020602114
181,GABRR2,2.8296481602813124,0.004659921836045028,0.0030260308292454
182,DDR2,2.827841232975896,0.004686304163749987,0.0133208253345365
183,RFC1,2.827841232975896,0.004686304163749987,0.0038336871529369
184,ASB11,2.8224204510596484,0.004766264475372774,0.0003208527570605
185,DKFZP564C196,2.8169996691434007,0.004847457561322044,0.0070881044133722
186,C21orf15,-2.8169996691434007,0.004847457561322044,1.89306475926998e-05
187,LRRC73,-2.815192741837985,0.0048747987342315415,0.000433250589453
188,UBXN4,2.813385814532569,0.004902279341852164,0.031720084506922
189,HAO2,2.813385814532569,0.004902279341852164,0.0154127879784134
190,WDR43,2.8097719599217372,0.004957661347110152,0.013234722144098
191,WRN,2.8097719599217372,0.004957661347110152,0.0006227714879674
192,POLR2L,-2.8079650326163215,0.004985563993313488,0.0015707088694414
193,C1QTNF4,-2.8079650326163215,0.004985563993313488,1.93771258116541e-05
194,TTC23,2.8079650326163215,0.004985563993313488,0.0018553554568554
195,MRPS18A,-2.8007373233946575,0.005098600207326948,0.0019379850326855
196,CUL5,2.7917026868675783,0.005243150812125973,0.0057680103431369
197,RFX3,2.7826680503404986,0.005391393616556439,0.0016802390416721
198,RLTPR,-2.775440341118835,0.005512701231447685,6.53122239064182e-06
199,TMEM123,2.773633413813419,0.005543410520281544,0.0284123452596399
200,ICAM3,-2.768212631897171,0.005636466846996297,0.0108633099558653
201,EIF3A,2.7609849226755077,0.00576273367224932,0.0219316755425919
202,ZNF292,2.757371068064676,0.005826818707791204,0.0091230223567908
203,DNAJC10,2.75556414075926,0.005859101546452393,0.0058784230853951
204,RBBP6,2.75556414075926,0.005859101546452393,0.0057243094335825
205,SLC12A5,-2.753757213453844,0.0058915455255182,4.37137067725509e-05
206,LOC641298,2.750143358843012,0.005956919698796243,0.0099899250524561
207,SUSD4,-2.750143358843012,0.005956919698796243,0.003998270747011
208,B4GALT7,-2.7483364315375964,0.005989851296034333,0.0034908579067594
209,MAGEF1,2.7465295042321807,0.006022946839739155,0.0112632931419539
210,TMEM184C,2.7465295042321807,0.006022946839739155,0.0212242584120501
211,GOLGA5,2.7447225769267645,0.0060562070375065865,0.0118221947711263
212,C9orf16,-2.741108722315933,0.006123224237830438,0.003394143429176
213,RNF146,2.741108722315933,0.006123224237830438,0.0044226462274325
214,DBNL,-2.741108722315933,0.006123224237830438,0.0113456104763627
215,ZFP91,2.7393017950105167,0.006156982667811877,0.0102124211010327
216,PTPN13,2.7393017950105167,0.006156982667811877,0.0235035413388074
217,PMS1,2.7393017950105167,0.006156982667811877,0.0028757272063528
218,GOSR1,2.735687940399685,0.006225002774403594,0.0289553949850384
219,ZNF23,2.735687940399685,0.006225002774403594,0.0206555713309066
220,CDV3,2.733881013094269,0.006259265893202453,0.0406062922570913
221,NPAT,2.733881013094269,0.006259265893202453,0.0023303218195721
222,ESF1,2.733881013094269,0.006259265893202453,0.0380500430232166
223,NPBWR2,-2.7320740857888532,0.006293698687914683,0.0176681972994963
224,PRKAR1B,-2.7302671584834375,0.0063283018858208,0.0002427922280666
225,ENTPD6,-2.7284602311780213,0.006363076216685065,0.0006665780918587
226,RND1,-2.7266533038726055,0.0063980224127605624,0.0028796965534115
227,LTV1,2.7248463765671898,0.006433141208794349,0.0082022747982673
228,DHX36,2.7230394492617735,0.006468433342032596,0.0291479813637322
229,TMOD4,2.7230394492617735,0.006468433342032596,0.0171072933609744
230,IVNS1ABP,2.719425594650942,0.00653954058163294,0.0116587156311313
231,C1orf124,2.719425594650942,0.00653954058163294,0.0013464926550954
232,CNKSR3,2.717618667345526,0.0065753571750285875,0.0006628000989892
233,ASPHD1,-2.717618667345526,0.0065753571750285875,0.0084190769406376
234,ZNF330,2.71581174004011,0.006611350079705891,0.0339827066711295
235,TRPC3,2.7140048127346943,0.006647520045482713,0.0074211057596681
236,ATF6,2.7085840308184466,0.006757099845562718,0.0150732540912871
237,MCCC2,2.7067771035130304,0.006793985604583228,0.0256255157583731
238,TALDO1,-2.7049701762076146,0.0068310522118368916,0.0071167175442
239,LOC389634,-2.7013563215967826,0.006905731033886769,0.0092786598154342
240,CHCHD10,-2.699549394291367,0.00694334478650887,0.0077918760841264
241,PEX7,2.697742466985951,0.006981142463025922,0.0384506811639335
242,FILIP1L,2.695935539680535,0.007019124838777693,0.005069245291183
243,TSPYL5,-2.694128612375119,0.007057292691683645,0.0277643536117349
244,GTF2H3,2.6923216850697034,0.007095646802247903,0.0015999166090251
245,SNCB,-2.6887078304588714,0.007172916931320802,2.0258983131133e-05
246,FBXO30,2.6869009031534556,0.007211834523805484,0.0053943319327008
247,NSUN5,-2.6850939758480394,0.007250941521910412,0.0051055601069907
248,UQCRC1,-2.6850939758480394,0.007250941521910412,0.0160364045117765
249,KCTD18,2.6850939758480394,0.007250941521910412,0.0024329477619891
250,ZBTB24,2.6832870485426237,0.007290238719137083,0.0127743707752509
251,PHF10,2.681480121237208,0.007329726911601216,0.0130860984330836
252,CYP1A1,-2.681480121237208,0.007329726911601216,0.0228459153730466
253,RBPJL,-2.681480121237208,0.007329726911601216,0.0005710500906989
254,RHBDD2,-2.6796731939317917,0.007369406898037673,0.0001193698468603
255,SYT5,-2.674252412015544,0.007489605647918605,7.6876523107118e-05
256,TNKS2,2.674252412015544,0.007489605647918605,0.023727092189658
257,C5orf51,2.672445484710128,0.00753006085014581,0.0389657678853488
258,HNRNPUL2-BSCL2,2.6652177754884647,0.00769384808888066,0.0440545720844143
259,C3orf30,-2.6634108481830485,0.007735290598699175,0.021745026996209
260,PRRX1,2.659796993572217,0.007818776225524817,0.0322140226930336
261,KCNS1,-2.659796993572217,0.007818776225524817,0.0011462945349646
262,ZDHHC12,-2.659796993572217,0.007818776225524817,0.0262300520031109
263,DUSP15,-2.657990066266801,0.007860821000939017,0.0064732659288821
264,LGI4,-2.657990066266801,0.007860821000939017,0.020194405166475
265,LOC285401,2.657990066266801,0.007860821000939017,0.0257068663820262
266,CPXCR1,2.656183138961385,0.007903068194425183,2.68675977150918e-05
267,PLD3,-2.6489554297397215,0.008074097907689674,0.0286503454116456
268,RAP1GAP,-2.6489554297397215,0.008074097907689674,0.0052334603964298
269,ERICH1,2.6489554297397215,0.008074097907689674,0.0239572720552591
270,ABHD12,-2.6471485024343053,0.008117369784083023,0.0017955724219396
271,CDH22,-2.6453415751288896,0.008160849134471312,0.0141567976781587
272,NR3C1,2.643534647823474,0.008204536810982242,0.0092970548787181
273,ARID4B,2.6417277205180576,0.008248433668462767,0.0199891554124759
274,DAGLB,-2.639920793212642,0.008292540564483692,0.0207644075339973
275,PIAS3,2.639920793212642,0.008292540564483692,0.0013038877474998
276,BTN2A3P,2.638113865907226,0.008336858359344345,0.0061559699115403
277,ABCB8,-2.63630693860181,0.008381387916077154,0.0013658133831578
278,LAMP5,-2.634500011296394,0.008426130100452215,0.0003122207622718
279,ALKBH4,-2.634500011296394,0.008426130100452215,0.0005187438320852
280,SNAP25,-2.634500011296394,0.008426130100452215,2.54736603988619e-05
281,RSU1,2.634500011296394,0.008426130100452215,0.0065599524035053
282,GP6,-2.630886156685562,0.008516255828925451,0.000313670030899
283,IFT81,2.6254653747693144,0.008653060931129105,0.0069576453367436
284,CTTNBP2NL,2.6236584474638986,0.008699097216415626,0.0181444554496868
285,JRKL,2.6236584474638986,0.008699097216415626,0.0065913412846377
286,IZUMO1,2.621851520158483,0.008745352266773166,0.0006153556187484
287,CNPY3,-2.6200445928530667,0.008791826970036956,0.0093877014572614
288,MOB2,-2.618237665547651,0.008838522216820532,0.0115247902440653
289,SLC27A4,-2.6146238109368194,0.008932577917319788,0.0081469000886396
290,TTC29,2.6146238109368194,0.008932577917319788,0.0002841265173793
291,DTNB,-2.612816883631403,0.008979940166194342,0.00210495033541
292,ATE1,2.612816883631403,0.008979940166194342,0.0366790367732543
293,MINA,2.612816883631403,0.008979940166194342,0.0033116385368251
294,TAS2R1,2.612816883631403,0.008979940166194342,0.0183842274265494
295,SLC4A1AP,2.6110099563259874,0.009027526548915222,0.0401160393400194
296,TRIP12,2.6092030290205717,0.009075337970054182,0.0305491234055747
297,SOX21,2.6092030290205717,0.009075337970054182,0.0316028956188732
298,PHEX,2.6073961017151555,0.009123375336987755,0.0023532408337323
299,NRXN3,-2.6073961017151555,0.009123375336987755,0.0077844047666414
300,TARS,2.6055891744097397,0.00917163955990163,0.0427121271364677
301,THRAP3,2.603782247104324,0.009220131551794965,0.0330501496697923
302,PANX2,-2.603782247104324,0.009220131551794965,0.00143244669038
303,CPLX1,-2.6019753197989077,0.009268852228484772,0.0004305979897436
304,ZNF354C,2.6019753197989077,0.009268852228484772,0.0197232050093295
305,PRODH,-2.6019753197989077,0.009268852228484772,0.0131564133031912
306,DHX15,2.6019753197989077,0.009268852228484772,0.0075013590592532
307,CGGBP1,2.600168392493492,0.009317802508610092,0.0377099829654227
308,ZNF717,2.600168392493492,0.009317802508610092,0.0082005817068428
309,FAHD2A,-2.598361465188076,0.009366983313636407,0.0091221608420624
310,EPC1,2.59655453788266,0.00941639556785985,0.0037230861278762
311,SEC14L3,2.59655453788266,0.00941639556785985,0.0044680358156053
312,DGKZ,-2.5947476105772442,0.009466040198411449,0.0039834603093061
313,ALKBH8,2.5947476105772442,0.009466040198411449,0.0044180140587265
314,GAMT,-2.5929406832718285,0.009515918135261373,0.012042473908831
315,KIAA1045,-2.5929406832718285,0.009515918135261373,0.0001274262221775
316,RPS6KB1,2.5911337559664123,0.00956603031122318,0.0176584992182534
317,PGBD5,-2.5875199013555807,0.00966696112597851,0.0208789059139059
318,OSGIN2,2.5875199013555807,0.00966696112597851,0.0065895330556613
319,HIF1A,2.5875199013555807,0.00966696112597851,0.0042673325490945
320,SLC25A22,-2.5875199013555807,0.00966696112597851,0.0038053954133382
321,STXBP4,2.5857129740501645,0.009717781644653619,0.0059680247709611
322,LARP1B,2.5857129740501645,0.009717781644653619,0.0030404935281419
323,RP1,2.5857129740501645,0.009717781644653619,0.0457407719471402
324,C1orf55,2.5857129740501645,0.009717781644653619,0.0082020278505745
325,HNRPDL,2.5839060467447488,0.009768840162212074,0.0071018837215507
326,ABHD16A,-2.5839060467447488,0.009768840162212074,0.0069160023132334
327,ATP6V0C,-2.582099119439333,0.009820137625746827,0.0022184853783108
328,CTAGE1,2.582099119439333,0.009820137625746827,0.0015615444033088
329,SLC10A6,2.580292192133917,0.009871674985219172,0.0006132483199309
330,CLDN23,-2.5766783375230853,0.009975473206187599,0.0019715874959253
331,CEBPZ,2.574871410217669,0.010027735981984422,0.0294582270629835
332,ZW10,2.5730644829122533,0.010080242482328318,0.0069176156105905
333,CLN6,-2.5730644829122533,0.010080242482328318,0.0347616982459646
334,LOC100128264,-2.5694506283014213,0.010185990517004839,0.0040187606986239
335,PPIL4,2.5676437009960056,0.01023923398874655,0.0128301834597593
336,C4orf29,2.56583677369059,0.010292725059861514,0.0175326184725175
337,QRSL1,2.56583677369059,0.010292725059861514,0.0089971302403835
338,AGGF1,2.56583677369059,0.010292725059861514,0.01459681425908
339,MESTIT1,2.56583677369059,0.010292725059861514,0.0266838881943619
340,SLC6A16,2.562222919079758,0.010400453906950562,5.50781390107648e-05
341,METTL13,2.562222919079758,0.010400453906950562,0.0084113982893534
342,ANKRD39,-2.562222919079758,0.010400453906950562,0.0011219911413771
343,MIR1234,-2.560415991774342,0.010454693643569142,0.0313198376155043
344,HSD3B2,2.55680213716351,0.010563928666430907,0.0064359351558233
345,POLR2J,-2.5549952098580944,0.01061892593082697,0.0013248740082035
346,C18orf34,2.5549952098580944,0.01061892593082697,3.26732078979959e-06
347,FBXL4,2.5549952098580944,0.01061892593082697,0.040090845541199
348,ASCC3,2.553188282552678,0.010674177687511962,0.0203266902152226
349,LBR,2.5513813552472624,0.01072968493288336,0.0020514287403056
350,TUBA8,-2.5513813552472624,0.01072968493288336,1.80364019274726e-05
351,IFI16,2.5495744279418466,0.01078544866627387,0.0408457410471792
352,XRCC5,2.5495744279418466,0.01078544866627387,0.0400040241724223
353,RPS6KC1,2.5495744279418466,0.01078544866627387,0.0400806497171606
354,NEDD1,2.5477675006364304,0.01084146988995523,0.0082365335475251
355,RECQL,2.5477675006364304,0.01084146988995523,0.0204173570811122
356,ZNF572,2.5459605733310147,0.010897749609141853,0.0012866637272867
357,TMEM191B,-2.5459605733310147,0.010897749609141853,0.0327081403974709
358,BBX,2.5423467187201827,0.011011088569624558,0.038035227311595
359,CDH11,2.540539791414767,0.011068149836096474,0.0158114780525002
360,SH3GLB2,-2.540539791414767,0.011068149836096474,0.0031358593144782
361,FAM60A,2.538732864109351,0.011125473648432666,0.0021570216513476
362,FAM187B,-2.538732864109351,0.011125473648432666,0.0009230961435448
363,C2orf49,2.536925936803935,0.011183061026616526,0.0182557562051317
364,SUZ12,2.536925936803935,0.011183061026616526,0.0192554154379735
365,TMEM135,2.535119009498519,0.011240912993596069,0.0060849687711348
366,BCL6,2.535119009498519,0.011240912993596069,0.0383597494670449
367,LOC344967,-2.5315051548876872,0.011357414800579453,0.0052030891587337
368,CFDP1,2.5315051548876872,0.011357414800579453,0.0229949749646985
369,SYN1,-2.5315051548876872,0.011357414800579453,3.81497558723359e-06
370,RPGR,2.5296982275822715,0.011416066701335005,0.0124389412304603
371,HNRNPK,2.5296982275822715,0.011416066701335005,0.0451337725587272
372,NAA35,2.5296982275822715,0.011416066701335005,0.0239532360045713
373,REPS1,2.5296982275822715,0.011416066701335005,0.017839941752041
374,TXNRD1,2.5278913002768557,0.011474987312396752,0.0213812562968139
375,RILP,-2.5278913002768557,0.011474987312396752,0.0223509338139154
376,GPR142,2.5242774456660237,0.011593638819723985,0.0057003076065162
377,DDX5,2.5242774456660237,0.011593638819723985,0.0265710745861893
378,GABRG3,-2.5206635910551918,0.011713377661010615,2.45088351166805e-05
379,SYNCRIP,2.518856663749776,0.01177365745074431,0.0292197619338332
380,ZNF256,2.5170497364443603,0.011834212222589527,0.0192980920552138
381,BARD1,2.5170497364443603,0.011834212222589527,0.0196670409983529
382,LOC729603,2.5170497364443603,0.011834212222589527,0.0368064510332474
383,METTL14,2.515242809138944,0.011895043032337448,0.0029957510736337
384,ST3GAL3,-2.515242809138944,0.011895043032337448,0.020502654417427
385,N4BP1,2.515242809138944,0.011895043032337448,0.0288670379962809
386,SNX4,2.5134358818335283,0.01195615093878543,0.0483314506173627
387,RTN4R,-2.5080150999172806,0.012141147871465268,0.0007355977861617
388,NEDD4,2.506208172611865,0.012203374812925855,0.0116690005745543
389,B3GNT4,-2.506208172611865,0.012203374812925855,4.99426221902705e-05
390,ALKBH6,-2.5044012453064486,0.012265884190280817,0.0197452856319411
391,METAP1D,2.502594318001033,0.012328677080433134,0.0040109995099221
392,NHP2,-2.502594318001033,0.012328677080433134,0.0288383407445116
393,ZEB1-AS1,2.497173536084785,0.012518767642154646,0.0006412205945707
394,ZUFSP,2.497173536084785,0.012518767642154646,0.0064896299825853
395,SEC63,2.497173536084785,0.012518767642154646,0.0390241238918355
396,RIMKLA,-2.497173536084785,0.012518767642154646,0.0098762237682308
397,ARPC1A,-2.497173536084785,0.012518767642154646,0.0321983092697074
398,MTMR11,2.4953666087793693,0.012582705413148841,0.0250837680816381
399,CHRM4,-2.493559681473953,0.012646932126949438,0.0075305979077635
400,ARL13B,2.493559681473953,0.012646932126949438,0.0043974950301941
401,CACNA1I,-2.493559681473953,0.012646932126949438,5.28517031333477e-05
402,ASL,-2.493559681473953,0.012646932126949438,0.0028467114721699
403,HPCA,-2.4917527541685374,0.012711448878678573,8.46885613175624e-06
404,FLJ13224,2.4917527541685374,0.012711448878678573,0.0159656720129066
405,GRM4,-2.4917527541685374,0.012711448878678573,0.0011050672005196
406,TMEM151B,-2.4899458268631216,0.012776256766505654,0.0038670019683289
407,MPND,-2.4899458268631216,0.012776256766505654,0.0057988668963448
408,TSPAN7,-2.4881388995577054,0.012841356891650245,0.0248923745883474
409,FBXO41,-2.484525044946874,0.012972438274038496,0.0004886580896652
410,JAZF1-AS1,-2.4827181176414577,0.01303842174899851,0.0002966534424483
411,PMM1,-2.480911190336042,0.013104701896714362,0.0406123649718213
412,ZC2HC1B,2.479104263030626,0.013171279833700143,0.0030650925753448
413,ZNF436,2.479104263030626,0.013171279833700143,0.0111453772814443
414,IGSF8,-2.479104263030626,0.013171279833700143,0.0178298169798253
415,ARL5B,2.475490408419794,0.01330533355687779,0.0031053032598897
416,LOC201651,2.475490408419794,0.01330533355687779,0.0109031236686629
417,ATP6V1F,-2.4736834811143784,0.013372811591446116,0.0018330429478725
418,C7orf59,-2.4736834811143784,0.013372811591446116,0.0078899271899445
419,PPTC7,2.471876553808962,0.013440591912042861,0.0284030856986292
420,CST3,-2.4700696265035464,0.013508675650546871,0.0046657153004764
421,GMCL1P1,2.4682626991981307,0.013577063941918174,0.0204532140432558
422,FIS1,-2.4682626991981307,0.013577063941918174,0.0031638222185902
423,SCAF8,2.4682626991981307,0.013577063941918174,0.0270848259415453
424,TXNRD3,2.4664557718927145,0.013645757924200537,0.0177085176798777
425,CTNNBIP1,-2.4664557718927145,0.013645757924200537,0.0159086823499617
426,PRMT8,-2.4646488445872987,0.013714758738524057,0.0026791110823497
427,C16orf72,2.4646488445872987,0.013714758738524057,0.009843488740576
428,GNA13,2.4646488445872987,0.013714758738524057,0.0299891852518536
429,PLS1,2.462841917281883,0.013784067529107784,0.0089246698276222
430,EBLN1,2.459228062671051,0.013923613631392322,0.0089559919302934
431,RRN3,2.459228062671051,0.013923613631392322,0.0250489313858847
432,TPR,2.4574211353656352,0.013993853246998911,0.0308883641967956
433,KCNT1,-2.4574211353656352,0.013993853246998911,0.0001391225949458
434,SF3B1,2.4556142080602195,0.014064405446682308,0.0058256325934067
435,OSBPL11,2.4556142080602195,0.014064405446682308,0.0068276964851218
436,ATP6V0CP3,-2.4538072807548033,0.014135271390144172,0.0019269045069822
437,VWA1,-2.4538072807548033,0.014135271390144172,0.0331304002830097
438,CPSF2,2.4520003534493875,0.014206452240189984,0.0289205447632105
439,CDC27,2.4483864988385555,0.014349763326789326,0.0272808112495929
440,KATNA1,2.4465795715331398,0.014421895904494527,0.0103594590105967
441,ZNF346,-2.444772644227724,0.014494348071091729,0.0275299699670647
442,CST6,-2.444772644227724,0.014494348071091729,0.0013826641221177
443,C20orf201,-2.444772644227724,0.014494348071091729,0.0029375717084118
444,C14orf135,2.442965716922308,0.014567121004940996,0.0248289208272115
445,JAK1,2.442965716922308,0.014567121004940996,0.009315240303043
446,LOC100507034,2.442965716922308,0.014567121004940996,0.0054931506184206
447,KTN1,2.4393518623114763,0.014713633903426502,0.0360045079994725
448,CLTB,-2.4393518623114763,0.014713633903426502,0.0014518806280364
449,NDUFV3,-2.43754493500606,0.014787376240380198,0.0297363008255381
450,TMEM177,-2.43754493500606,0.014787376240380198,0.0043778810429785
451,NRGN,-2.43754493500606,0.014787376240380198,5.15772991165081e-05
452,SEC16B,2.4357380077006443,0.014861444089225025,0.0109109990344715
453,PDGFA,-2.4357380077006443,0.014861444089225025,0.0010198679104476
454,CASP8AP2,2.4357380077006443,0.014861444089225025,0.0052826915666401
455,SOHLH1,-2.4339310803952285,0.014935838643931292,0.003372641154957
456,C10orf118,2.4339310803952285,0.014935838643931292,0.0252231002092631
457,YDJC,-2.4321241530898123,0.01501056110159773,0.037307916902635
458,CCDC147,2.4321241530898123,0.01501056110159773,0.0219673443428927
459,DNAH12,2.4303172257843966,0.015085612662453415,0.0391541229675921
460,AP1S1,-2.4303172257843966,0.015085612662453415,0.0032180226823939
461,MIR186,2.4303172257843966,0.015085612662453415,0.0495013083375162
462,SPESP1,2.428510298478981,0.015160994529859997,0.0025343378636451
463,PTPRN,-2.428510298478981,0.015160994529859997,0.0001287277022569
464,DOPEY1,2.4267033711735646,0.015236707910313492,0.0224229924386726
465,PGP,-2.4267033711735646,0.015236707910313492,0.0018733850101415
466,TSPAN17,-2.4267033711735646,0.015236707910313492,0.0246615487131447
467,C20orf94,2.4267033711735646,0.015236707910313492,0.0156121582145172
468,FXYD7,-2.4267033711735646,0.015236707910313492,0.0005300237181537
469,KNDC1,-2.424896443868149,0.015312754013446294,0.0045760155753484
470,SENP6,2.424896443868149,0.015312754013446294,0.0157867098943591
471,CLPX,2.423089516562733,0.015389134052029104,0.0098348739912825
472,C4orf17,2.423089516562733,0.015389134052029104,0.0056992252515374
473,MPPED1,-2.423089516562733,0.015389134052029104,3.76490465151885e-06
474,IBTK,2.421282589257317,0.01546584924197283,0.0084236191456349
475,ST6GALNAC6,-2.421282589257317,0.01546584924197283,0.012438557680427
476,GRM7,-2.421282589257317,0.01546584924197283,0.002803196029713
477,ABLIM2,-2.419475661951901,0.015542900802330336,0.000667401743631
478,FN3K,-2.419475661951901,0.015542900802330336,0.0101673569190608
479,BECN1,2.4176687346464854,0.015620289955298378,0.0445634621150885
480,PDK2,-2.4176687346464854,0.015620289955298378,0.0179979830084796
481,SLC7A14,-2.4176687346464854,0.015620289955298378,8.0769041598508e-05
482,PHF3,2.415861807341069,0.015698017926219315,0.046983048782053
483,TSPAN4,-2.415861807341069,0.015698017926219315,0.0286800715070901
484,SEZ6L2,-2.415861807341069,0.015698017926219315,0.0066843708940818
485,ABCG4,-2.415861807341069,0.015698017926219315,0.0012388502430836
486,ZBED6,2.415861807341069,0.015698017926219315,0.0088695639270027
487,NBN,2.4122479527302376,0.015854495239027818,0.0039406818930468
488,IQGAP2,2.40682717081399,0.016091783157510694,0.0054823798144157
489,SLC9A10,2.40682717081399,0.016091783157510694,0.0036993214165403
490,CLOCK,2.4050202435085737,0.016171569944709262,0.0461942690439586
491,C4orf44,-2.4050202435085737,0.016171569944709262,0.0003618196475753
492,MGAT5B,-2.403213316203158,0.0162517042154772,0.0061021094925389
493,INPP5A,-2.401406388897742,0.016332187220381936,0.0474138295707171
494,ETAA1,2.401406388897742,0.016332187220381936,0.0285675619866119
495,LY6H,-2.399599461592326,0.016413020213151063,1.65460123607418e-05
496,SRFBP1,2.399599461592326,0.016413020213151063,0.006040566247366
497,SERPINB13,-2.399599461592326,0.016413020213151063,0.0287005866441733
498,ABCC2,2.399599461592326,0.016413020213151063,0.0007237623701716
499,C3orf14,-2.399599461592326,0.016413020213151063,0.0323630431908846
500,POR,-2.39779253428691,0.016494204450673653,0.0035027209248725
501,TBC1D3P1-DHX40P1,2.3959856069814944,0.016575741193001883,0.0047720475790694
502,N4BP2,2.3941786796760782,0.016657631703352216,0.0129457742314609
503,SNORA27,2.3923717523706625,0.016739877248106754,0.030922944674156
504,LOC339894,2.3887578977598305,0.01690543852219337,0.0444922524362288
505,ZNF644,2.3869509704544147,0.016988756800129665,0.0158949461679338
506,OTUB1,-2.385144043148999,0.017072435209681117,0.0330707282849635
507,RHOBTB1,2.385144043148999,0.017072435209681117,0.017124208075484
508,PPIA,-2.385144043148999,0.017072435209681117,0.0056027308231409
509,FOXJ3,2.385144043148999,0.017072435209681117,0.0187248843743466
510,TH,-2.381530188538167,0.017240877555719767,1.14400025569945e-06
511,C1orf27,2.377916333927335,0.017410775856225778,0.0133734815615528
512,RGS14,-2.377916333927335,0.017410775856225778,0.0088360820323128
513,RPGRIP1L,2.3743024793165035,0.017582140457916316,0.0052208353843762
514,CMA1,2.3743024793165035,0.017582140457916316,0.0180695665343147
515,RPE65,2.3724955520110873,0.017668375868953604,0.0004713125091582
516,KIAA1009,2.3724955520110873,0.017668375868953604,0.0165008559464932
517,PDE1C,-2.3706886247056715,0.017754981758340983,0.0045646237920076
518,CAMK2N2,-2.3706886247056715,0.017754981758340983,0.0017464347912273
519,KHDRBS1,2.368881697400256,0.01784195943371955,0.0439732441978661
520,PDE8B,2.368881697400256,0.01784195943371955,0.0027146263624936
521,TOR1AIP1,2.365267842789424,0.018017035388917996,0.0126309598037925
522,DNAJC30,-2.363460915484008,0.018105136299925752,0.0096176552710022
523,PDE5A,2.363460915484008,0.018105136299925752,0.0166964268446945
524,REM1,2.363460915484008,0.018105136299925752,0.0062089084275239
525,PSMD7,2.361653988178592,0.018193614259302004,0.0226083057517147
526,BICD1,2.361653988178592,0.018193614259302004,0.0106764352263117
527,CACNG2,-2.359847060873176,0.018282470590597923,4.86871068274724e-05
528,RIC8B,2.359847060873176,0.018282470590597923,0.0304636583973277
529,GNB5,-2.359847060873176,0.018282470590597923,0.0100508362614396
530,AP1G1,2.3580401335677603,0.018371706620548815,0.0205428732038508
531,PDZD8,2.3580401335677603,0.018371706620548815,0.0453890361638711
532,SMARCD3,-2.3580401335677603,0.018371706620548815,0.011345582569748
533,SHISA4,-2.356233206262344,0.018461323679074642,0.0370318446251881
534,SREK1,2.356233206262344,0.018461323679074642,0.047124615597042
535,GUF1,2.356233206262344,0.018461323679074642,0.0133521625036244
536,UCHL5,2.3544262789569284,0.018551323099280523,0.0106685018480394
537,PPP2R5D,-2.3544262789569284,0.018551323099280523,0.0370203410073131
538,DGAT1,-2.3544262789569284,0.018551323099280523,0.0141540596513064
539,KIF27,2.3544262789569284,0.018551323099280523,0.0142349830854638
540,CGB7,-2.3526193516515126,0.018641706217457307,0.0030489342331722
541,VEGFB,-2.3526193516515126,0.018641706217457307,0.0050199634353014
542,NACAD,-2.3508124243460964,0.018732474373082095,0.00251757776646
543,ICAM5,-2.347198569735265,0.018915171170517237,0.0022631705222009
544,CTAGE11P,2.347198569735265,0.018915171170517237,0.0062374294682449
545,LRIG1,2.3453916424298487,0.01900710250721632,0.0098526253544372
546,GOLGA4,2.3453916424298487,0.01900710250721632,0.0455385645965144
547,PIP5K1A,2.343584715124433,0.01909942427114147,0.0268399395966093
548,SMPD1,-2.343584715124433,0.01909942427114147,0.0451592957056198
549,MDM1,2.341777787819017,0.019192137817706283,0.0146280983490316
550,YME1L1,2.341777787819017,0.019192137817706283,0.0471937275191961
551,ZNF121,2.339970860513601,0.019285244505512653,0.0318258441035131
552,SLC16A1,2.339970860513601,0.019285244505512653,0.0120479094678885
553,CCDC66,2.338163933208185,0.019378745696350643,0.0358056749870967
554,C7orf50,-2.338163933208185,0.019378745696350643,0.0170070233472763
555,NAE1,2.338163933208185,0.019378745696350643,0.0263050387733643
556,NFKBIE,-2.3363570059027694,0.019472642755198992,0.0091362688457839
557,LOC284688,2.334550078597353,0.019566937050224963,0.006314705989098
558,MIR31HG,-2.334550078597353,0.019566937050224963,0.0001339181768886
559,FAM214A,2.334550078597353,0.019566937050224963,0.0040009184768638
560,DNAJB14,2.3327431512919374,0.01966162995278451,0.0385434374550555
561,MAN1A2,2.3327431512919374,0.01966162995278451,0.0399737452254135
562,MED13,2.3327431512919374,0.01966162995278451,0.0327265037390025
563,AIFM3,-2.3309362239865217,0.01975672283742228,0.0022523387359442
564,MRPS24,-2.3309362239865217,0.01975672283742228,0.0015366349625671
565,EFHB,2.3291292966811055,0.019852217081871664,0.0104971740369004
566,MYO1H,2.3291292966811055,0.019852217081871664,0.0185039152821126
567,NR5A2,2.3291292966811055,0.019852217081871664,0.0029532906832199
568,ATF7IP,2.3291292966811055,0.019852217081871664,0.035522019327445
569,LINC00340,2.325515442070274,0.0200444151770815,0.041512683706573
570,AP3B1,2.3237085147648577,0.020141121799251333,0.0480137354798339
571,MON1B,2.321901587459442,0.020238235324051102,0.0370794733264137
572,FCER2,-2.31828773284861,0.020433688659428247,0.0002269398346324
573,HAGHL,-2.31828773284861,0.020433688659428247,0.0415547674398578
574,PTGES2,-2.31828773284861,0.020433688659428247,0.0406784205262162
575,REST,2.3164808055431942,0.020532031266918403,0.0231210782764225
576,HIPK4,-2.3164808055431942,0.020532031266918403,7.54532938937304e-05
577,DPP8,2.3146738782377785,0.020630786370863442,0.0195779433375645
578,KIAA1383,2.3146738782377785,0.020630786370863442,0.0340941905391179
579,CXXC5,-2.3128669509323627,0.020729955377687067,0.0192222747170106
580,TFR2,-2.3128669509323627,0.020729955377687067,0.0419787029589544
581,ZBTB10,2.3128669509323627,0.020729955377687067,0.0202413277596546
582,PRMT10,2.3110600236269465,0.020829539696999234,0.0121511465286921
583,UBB,-2.3110600236269465,0.020829539696999234,0.016870771813725
584,RSL1D1,2.3110600236269465,0.020829539696999234,0.0270685628229249
585,CA7,-2.3110600236269465,0.020829539696999234,0.0421221378742806
586,SPTBN4,-2.3092530963215308,0.020929540741595466,0.0184092494529805
587,DYNC1LI2,2.3092530963215308,0.020929540741595466,0.0364538730196221
588,APPL2,2.3092530963215308,0.020929540741595466,0.0078664822152885
589,MPHOSPH10,2.3092530963215308,0.020929540741595466,0.0146143436915337
590,TMED6,2.3092530963215308,0.020929540741595466,0.0086731604337749
591,ATP2B2,-2.307446169016115,0.02102995992745658,0.0320527497820946
592,RIPK2,2.305639241710699,0.021130798673747883,0.0225897710787477
593,ZBTB6,2.305639241710699,0.021130798673747883,0.0093780452969355
594,KPNB1,2.300218459794451,0.021435846514611806,0.0294952182841157
595,SDR16C5,-2.300218459794451,0.021435846514611806,4.50172015250848e-05
596,LOC100271836,2.300218459794451,0.021435846514611806,0.0260396663160958
597,TSPAN33,-2.2984115324890353,0.021538377757946342,0.0069044461640055
598,FAHD2B,-2.2984115324890353,0.021538377757946342,0.0078206907147374
599,MBIP,2.2984115324890353,0.021538377757946342,0.021193188709621
600,FBXL15,-2.2966046051836195,0.021641335705283322,0.0169159045627805
601,APBB1,-2.2947976778782033,0.02174472179488103,0.0050761143017698
602,GAN,2.2947976778782033,0.02174472179488103,0.0306531727017233
603,LOC100505478,2.2929907505727876,0.021848537468177012,0.0192244722468851
604,GALNTL6,-2.2929907505727876,0.021848537468177012,0.0005502710972619
605,ACOT7,-2.2929907505727876,0.021848537468177012,0.0195117900603284
606,ANP32E,2.2929907505727876,0.021848537468177012,0.0205750867457335
607,HIPK1,2.291183823267372,0.02195278416978729,0.0213630280346956
608,SNAPC1,2.291183823267372,0.02195278416978729,0.017261437019955
609,KIAA1797,-2.291183823267372,0.02195278416978729,0.0493711830483266
610,CCDC39,2.2893768959619556,0.022057463347505298,0.027696192587747
611,ZNF790,2.2893768959619556,0.022057463347505298,0.014409820208918
612,ABHD14A,-2.28756996865654,0.02216257645230075,0.0217445323589615
613,OPHN1,2.28756996865654,0.02216257645230075,0.0172215528859008
614,ATP4B,2.28756996865654,0.02216257645230075,0.0019551825579312
615,SPICE1,2.28756996865654,0.02216257645230075,0.0026662233479846
616,ACOT8,-2.283956114045708,0.022374110262878593,0.0056286922371378
617,VSNL1,-2.283956114045708,0.022374110262878593,1.752883651792e-05
618,PGM2,2.2803422594348763,0.022587397272764792,0.0334402365730878
619,SLC6A7,-2.2803422594348763,0.022587397272764792,2.45141118798955e-05
620,ADAMTS15,2.2803422594348763,0.022587397272764792,0.0065187437060219
621,SHPRH,2.27853533212946,0.022694701888590085,0.016186367912636
622,DDX19A,2.27853533212946,0.022694701888590085,0.0269829116900581
623,GPR22,-2.27853533212946,0.022694701888590085,1.1854608256111e-06
624,PZP,2.2767284048240444,0.02280244920395235,0.0230441700523058
625,LETMD1,-2.2749214775186286,0.022910640692023507,0.0339571654649835
626,TMEM198,-2.2749214775186286,0.022910640692023507,0.0044397143152784
627,LRRC4B,-2.2749214775186286,0.022910640692023507,0.0199039368956377
628,FADS6,-2.2731145502132124,0.023019277829142062,9.92927898913121e-06
629,OLFM1,-2.2731145502132124,0.023019277829142062,0.0044269122475027
630,RBFA,-2.2713076229077966,0.023128362094811453,0.0154235872509387
631,C5,2.2713076229077966,0.023128362094811453,0.0279355351020556
632,UNC119,-2.269500695602381,0.023237894971698866,0.0098556090138415
633,SHROOM2,-2.2676937682969647,0.02334787794563352,0.0415187121747706
634,ALDH1L2,2.265886840991549,0.02345831250560503,0.0154797660312707
635,ASPHD2,-2.262272986380717,0.02368054235540985,0.0398994924745224
636,OR2C3,2.262272986380717,0.02368054235540985,0.0056438487363822
637,NCKIPSD,-2.260466059075301,0.02379234063900995,0.0347216826329231
638,TICAM2,-2.260466059075301,0.02379234063900995,0.0104355185560646
639,AP2A2,-2.256852204464469,0.024017311431677568,0.0300525838841538
640,BSPRY,-2.2550452771590535,0.02413048695342822,0.0072272313236321
641,CEP120,2.2550452771590535,0.02413048695342822,0.033993118296405
642,TCEA1,2.2532383498536377,0.024244124572493548,0.0480479947881111
643,PRO0611,2.2532383498536377,0.024244124572493548,0.0270783337063993
644,CKMT1B,-2.2514314225482215,0.024358225803084214,0.0019383657168825
645,GMCL1,2.2514314225482215,0.024358225803084214,0.0305830759274098
646,MIR149,-2.2514314225482215,0.024358225803084214,0.000843774562421
647,SEPX1,-2.2514314225482215,0.024358225803084214,0.0187755844562671
648,GALE,-2.2514314225482215,0.024358225803084214,0.0085121864027682
649,BPTF,2.2514314225482215,0.024358225803084214,0.0382591021081698
650,TCTEX1D4,2.2496244952428057,0.02447279216255487,0.009573023299999
651,SRSF11,2.2496244952428057,0.02447279216255487,0.0332794374338295
652,LOC91149,-2.2496244952428057,0.02447279216255487,0.0432470835313773
653,CALM3,-2.2496244952428057,0.02447279216255487,0.0010220466538897
654,DDX46,2.24781756793739,0.024587825171402223,0.0091625418789324
655,INPP5J,-2.24781756793739,0.024587825171402223,0.0232475857474571
656,LOC284648,2.24781756793739,0.024587825171402223,0.0131624140003392
657,SPG20,2.24781756793739,0.024587825171402223,0.0340306509648204
658,MIR137HG,-2.2460106406319738,0.024703326353262767,0.008215859971951
659,IREB2,2.2460106406319738,0.024703326353262767,0.0104411497161286
660,GIPC1,-2.244203713326558,0.024819297234910668,0.0399785757897812
661,PCP4L1,-2.244203713326558,0.024819297234910668,0.0008571137627003
662,SH2D5,-2.2423967860211422,0.02493573934625558,5.77622310699224e-05
663,EDEM3,2.2423967860211422,0.02493573934625558,0.0172938334965841
664,PRSS21,-2.2423967860211422,0.02493573934625558,8.53989514565413e-06
665,MRPL2,-2.2423967860211422,0.02493573934625558,0.0194509949105466
666,CREB1,2.2423967860211422,0.02493573934625558,0.0292368517563898
667,PIK3C2G,2.2423967860211422,0.02493573934625558,0.0051973558222186
668,MYLK4,2.2387829314103103,0.0251700433933387,0.0436771723855714
669,ADAM17,2.2387829314103103,0.0251700433933387,0.0366258101541595
670,FN3KRP,-2.2387829314103103,0.0251700433933387,0.0358543199214876
671,NBPF15,2.2369760041048945,0.025287908404552757,0.0137620457560614
672,ZMYND11,2.2369760041048945,0.025287908404552757,0.0100489370077514
673,KHK,-2.2369760041048945,0.025287908404552757,0.0271170276737073
674,ZBTB1,2.2369760041048945,0.025287908404552757,0.0465547372814382
675,NMU,2.2369760041048945,0.025287908404552757,0.0125735187724208
676,NARG2,2.2351690767994783,0.025406250796410856,0.0463920594053592
677,CHD1L,2.2351690767994783,0.025406250796410856,0.015745611301954
678,NDUFB2,-2.2351690767994783,0.025406250796410856,0.0087438618625566
679,TAF1D,2.2351690767994783,0.025406250796410856,0.0199167175701525
680,IRF7,-2.2351690767994783,0.025406250796410856,0.0375168570270515
681,G6PC,2.2333621494940625,0.025525072114464843,0.0104357935159817
682,PYGO1,2.2315552221886468,0.025644373907387653,0.0410312387335878
683,C2orf80,-2.2297482948832306,0.025764157726970806,0.0029626845844756
684,KLF8,2.2297482948832306,0.025764157726970806,0.0444889024623164
685,ECHS1,-2.2297482948832306,0.025764157726970806,0.0136235064593824
686,LOC100859930,-2.227941367577815,0.02588442512812158,0.0183643804853884
687,ACADM,2.227941367577815,0.02588442512812158,0.0368107433801689
688,NOC3L,2.227941367577815,0.02588442512812158,0.0059887089924482
689,ZBTB44,2.226134440272399,0.026005177668860572,0.0322431876708471
690,NOL8,2.226134440272399,0.026005177668860572,0.032191926506441
691,MLIP,2.226134440272399,0.026005177668860572,0.0382632541799688
692,PORCN,-2.226134440272399,0.026005177668860572,0.0201168384031796
693,OGFOD1,2.224327512966983,0.026126416910318764,0.0174195259216163
694,DOC2A,-2.224327512966983,0.026126416910318764,0.0002251998903042
695,SNORA4,2.222520585661567,0.02624814441673489,0.0352773653196908
696,TRPC6,2.222520585661567,0.02624814441673489,0.0105778549439148
697,MTL5,-2.2207136583561513,0.02637036175545251,0.0036882161815941
698,LARP7,2.2207136583561513,0.02637036175545251,0.0326651071286985
699,CBWD6,2.218906731050735,0.026493070496917244,0.0455323777938105
700,FASTK,-2.218906731050735,0.026493070496917244,0.0020842921068134
701,SAC3D1,-2.2170998037453193,0.02661627221467362,0.0084813819994256
702,TRPV6,-2.2170998037453193,0.02661627221467362,0.0073742705933394
703,GNG12,2.2152928764399036,0.026739968485362343,0.0386688014106593
704,PCDHB2,2.2152928764399036,0.026739968485362343,0.0034000724671396
705,DGCR6L,-2.2152928764399036,0.026739968485362343,0.0215307680125827
706,ATP5J2,-2.2152928764399036,0.026739968485362343,0.0196556904010545
707,AGPAT1,-2.2134859491344874,0.02686416088871708,0.0335039885794507
708,CCAR1,2.2134859491344874,0.02686416088871708,0.0286246434918327
709,STMN3,-2.2134859491344874,0.02686416088871708,0.0057382577291667
710,UACA,2.2116790218290716,0.02698885100756141,0.0445567405623646
711,PIGG,2.2116790218290716,0.02698885100756141,0.0491924754439957
712,KRT73,-2.2116790218290716,0.02698885100756141,0.0099311447007238
713,C7orf44,-2.2116790218290716,0.02698885100756141,0.0123850694192625
714,DTHD1,2.2080651672182396,0.027239730738443976,0.0001060090795301
715,MIR7-3HG,-2.206258239912824,0.027365923531550387,0.0008853927594054
716,RBM27,2.206258239912824,0.027365923531550387,0.0294007753179355
717,B3GAT3,-2.204451312607408,0.027492620402276298,0.0296539269740804
718,RHOF,-2.204451312607408,0.027492620402276298,0.0039594198798091
719,PSMC3,-2.202644385301992,0.027619822948846653,0.039681799549115
720,EPHA8,-2.202644385301992,0.027619822948846653,0.0005558751099093
721,MGC72080,-2.1990305306911604,0.02787575147776806,0.0010159174935809
722,USH2A,2.1990305306911604,0.02787575147776806,0.007873212184289
723,ZFP90,2.1990305306911604,0.02787575147776806,0.0175174872204625
724,FBN2,2.197223603385744,0.028004480671906397,0.0099928783121875
725,AGAP3,-2.197223603385744,0.028004480671906397,0.0050033700168475
726,PCF11,2.197223603385744,0.028004480671906397,0.0186259273520895
727,GPR26,-2.1954166760803284,0.02813372196545639,0.0023693561265145
728,TYW3,2.1936097487749127,0.02826347697195901,0.0098731666213252
729,HTR2A,-2.1918028214694965,0.02839374730800765,0.0026045498924152
730,AKIRIN2-AS1,2.1918028214694965,0.02839374730800765,0.0347104880625269
731,CHGA,-2.1899958941640807,0.028524534593244184,8.08230576777366e-05
732,MYC,2.1899958941640807,0.028524534593244184,0.0106511673818826
733,ECHDC3,-2.1863820395532487,0.02878766650506923,0.0277792424986589
734,SWT1,2.1863820395532487,0.02878766650506923,0.0070580432142079
735,PQLC1,-2.1863820395532487,0.02878766650506923,0.014325123372098
736,UBE2QL1,-2.1863820395532487,0.02878766650506923,0.0001541058505092
737,TIGD7,2.184575112247833,0.02892001438615036,0.031543774195592
738,COX7A1,-2.184575112247833,0.02892001438615036,0.0025805443954166
739,VPS35,2.184575112247833,0.02892001438615036,0.0326462320457643
740,IQCH,2.180961257637001,0.029186282157635864,0.0097777814780546
741,NOP58,2.180961257637001,0.029186282157635864,0.0195251142757833
742,FER,2.1791543303315852,0.029320205320719467,0.034560121200104
743,SULT4A1,-2.1791543303315852,0.029320205320719467,0.0002031211003237
744,PART1,-2.1791543303315852,0.029320205320719467,0.0008163916700226
745,CKMT1A,-2.1773474030261695,0.02945465685552082,0.0009245564603575
746,DYNLL1,-2.1773474030261695,0.02945465685552082,0.012477268618349
747,CDH12,-2.1773474030261695,0.02945465685552082,0.0033953456693365
748,ZNF721,2.1773474030261695,0.02945465685552082,0.045015578234562
749,IDH1,-2.1773474030261695,0.02945465685552082,0.0108083985839156
750,NAP1L1,2.1755404757207533,0.0295896384059297,0.0193894947195369
751,NOTCH2,2.1737335484153375,0.029725151618848464,0.0151977766593771
752,CIDECP,-2.1719266211099217,0.02986119814418759,0.0419923116689057
753,YTHDC2,2.1719266211099217,0.02986119814418759,0.0470609438201907
754,VAMP1,-2.1719266211099217,0.02986119814418759,0.0121123287225497
755,MRPS18B,-2.1719266211099217,0.02986119814418759,0.0290175379008804
756,MICAL2,-2.1701196938045055,0.02999777963486162,0.0002169716063102
757,MDH2,-2.1683127664990898,0.030134897746784236,0.0092616291096938
758,DDX19B,2.1683127664990898,0.030134897746784236,0.0194053008063554
759,POP7,-2.1683127664990898,0.030134897746784236,0.0196536739331159
760,LOC728978,-2.1683127664990898,0.030134897746784236,0.0001629863132749
761,CERCAM,-2.1683127664990898,0.030134897746784236,0.0381736704619662
762,TPTE2P6,2.1683127664990898,0.030134897746784236,0.0062852414873013
763,POLR1D,-2.166505839193674,0.030272554138864424,0.0438803546237887
764,LOC641367,2.166505839193674,0.030272554138864424,0.0148336185221516
765,DKK3,-2.1646989118882582,0.030410750473001437,0.0343001406986406
766,CCDC30,2.1646989118882582,0.030410750473001437,0.0341249787788356
767,ZNF19,2.162891984582842,0.0305494884140806,0.0201708684573108
768,F2R,2.1610850572774263,0.030688769629968325,0.0423117708534715
769,ADAD2,-2.1592781299720105,0.030828595791507745,2.18642156165684e-05
770,LPCAT4,-2.1592781299720105,0.030828595791507745,0.0022714813447799
771,HNRNPH3,2.1574712026665943,0.030968968572513828,0.0383892612557347
772,GDAP2,2.1574712026665943,0.030968968572513828,0.0377889798001604
773,MAML2,2.1556642753611786,0.031109889649768466,0.0363144105653177
774,LOC728723,2.1556642753611786,0.031109889649768466,0.0400533571112045
775,NSUN6,2.153857348055763,0.031251360703015776,0.0157908218327746
776,FAM40B,-2.153857348055763,0.031251360703015776,0.0020792258211325
777,KCNV1,-2.153857348055763,0.031251360703015776,0.0010240009314921
778,DLGAP3,-2.153857348055763,0.031251360703015776,0.0015178424031043
779,TNFSF18,2.153857348055763,0.031251360703015776,0.0119080500021433
780,EEF1A2,-2.1520504207503466,0.031393383414957156,0.0115543881986632
781,STYXL1,-2.1520504207503466,0.031393383414957156,0.0108911081330531
782,FRYL,2.1520504207503466,0.031393383414957156,0.0342057646152043
783,C9orf41,2.150243493444931,0.0315359594712462,0.033320840352294
784,DDX1,2.150243493444931,0.0315359594712462,0.0317382466152204
785,UBE2M,-2.148436566139515,0.03167909056048382,0.0309496267119269
786,SEPSECS,2.146629638834099,0.031822778374213,0.0320600485241624
787,FAM129A,2.144822711528683,0.03196702460691376,0.0084696653743976
788,CPSF4,-2.1430157842232673,0.03211183095599781,0.0087529012798362
789,MAP4K5,2.141208856917851,0.032257199121803554,0.0150220389917941
790,RNF39,2.141208856917851,0.032257199121803554,0.0268903938557905
791,INO80D,2.1394019296124354,0.03240313080759033,0.0362217727754272
792,GPI,-2.1375950023070196,0.03254962771953348,0.0155146602422881
793,DCUN1D1,2.1357880750016034,0.03269669156671857,0.0443825203924419
794,PRRC1,2.1357880750016034,0.03269669156671857,0.0351322989017131
795,TMEM244,-2.1357880750016034,0.03269669156671857,0.0026241301219406
796,ZCCHC12,-2.1339811476961876,0.032844324061136076,0.0402334228971355
797,TTC17,2.1339811476961876,0.032844324061136076,0.0097896043814844
798,CEND1,-2.1303672930853557,0.03314130185412081,0.0223506317529681
799,KANSL1L,2.1303672930853557,0.03314130185412081,0.01773546716724
800,SERINC5,2.12856036577994,0.03329065059114275,0.0439938207200724
801,WSCD2,-2.12856036577994,0.03329065059114275,7.15226279756636e-05
802,AMPH,-2.12856036577994,0.03329065059114275,0.0040440303587519
803,C7orf43,-2.126753438474524,0.03344057485229513,0.0118428978341602
804,OTUD6A,-2.124946511169108,0.03359107636400797,0.0222301544105796
805,LOC100130000,2.123139583863692,0.033742156855581774,0.0344934084011171
806,TG,2.123139583863692,0.033742156855581774,0.021751773117349
807,BAZ1A,2.123139583863692,0.033742156855581774,0.0144753034703029
808,GRK6,-2.1213326565582764,0.033893818059181735,0.0048288892990722
809,ZNF22,2.1213326565582764,0.033893818059181735,0.006954495012057
810,CALY,-2.1213326565582764,0.033893818059181735,2.34984762620521e-05
811,NPTX1,-2.11952572925286,0.03404606170983183,0.0019500840145946
812,TEDDM1,2.11952572925286,0.03404606170983183,0.047364534252874
813,KCNIP2,-2.11952572925286,0.03404606170983183,0.0001335080223516
814,MRPL41,-2.11952572925286,0.03404606170983183,0.0172761094201651
815,GNAI3,2.11952572925286,0.03404606170983183,0.0488202345312494
816,SYNGR1,-2.1159118746420287,0.03435230330663439,0.0021839873529352
817,DMP1,2.1159118746420287,0.03435230330663439,0.0376209307808034
818,WDR35,2.1141049473366125,0.034506304737073244,0.0116594076606626
819,MCPH1,2.1141049473366125,0.034506304737073244,0.0226913750444793
820,PNMA6C,-2.1122980200311967,0.034660895583122256,0.0142174954666904
821,MIR636,-2.110491092725781,0.034816077594006754,0.0327859848858747
822,GINS3,2.110491092725781,0.034816077594006754,0.0310513639377825
823,NELL1,-2.106877238114949,0.03512822212128422,6.10370641215551e-07
824,SLC24A1,2.106877238114949,0.03512822212128422,0.0350398145032683
825,HS3ST2,-2.106877238114949,0.03512822212128422,0.0214520917785657
826,C10orf28,2.106877238114949,0.03512822212128422,0.0479500437332885
827,LOC284950,2.105070310809533,0.035285188150209396,0.0025753917876773
828,TEX9,2.105070310809533,0.035285188150209396,0.0088810275657191
829,AP1AR,2.103263383504117,0.035442752369021495,0.0428836575429075
830,TMEM51,-2.103263383504117,0.035442752369021495,0.0077670581642071
831,PPP1R13B,-2.103263383504117,0.035442752369021495,0.008184292176895
832,SHISA9,-2.103263383504117,0.035442752369021495,0.0182583327664178
833,DTX2,-2.103263383504117,0.035442752369021495,0.0310283599989224
834,NTM,-2.1014564561987013,0.035600916540988396,0.0190851505639491
835,EHD4,-2.1014564561987013,0.035600916540988396,0.0402362484513625
836,CREBZF,2.1014564561987013,0.035600916540988396,0.033251110337328
837,FCHO1,-2.0978426015878693,0.035919051811396006,0.0075700429241199
838,ZNF354B,2.0978426015878693,0.035919051811396006,0.041912941289465
839,USP6NL,2.0960356742824535,0.03607902645028976,0.0374854765898942
840,FAM153A,-2.0942287469770378,0.036239608123230904,0.0215988983153532
841,THEMIS,-2.0942287469770378,0.036239608123230904,0.0002524769000321
842,AP4M1,-2.0924218196716216,0.03640079860736374,0.0379882460846162
843,LOC730227,2.0924218196716216,0.03640079860736374,0.0113860151982793
844,AFF4,2.090614892366206,0.03656259968258705,0.0448764326818617
845,SNORD2,2.090614892366206,0.03656259968258705,0.0272888035252977
846,GFOD1,-2.090614892366206,0.03656259968258705,0.0029362969639975
847,ZNF791,2.090614892366206,0.03656259968258705,0.0446023691898146
848,SCARNA27,2.090614892366206,0.03656259968258705,0.025926800406104
849,SYT7,-2.08880796506079,0.036725013131547364,0.0012168947837764
850,SH3GLB1,2.08880796506079,0.036725013131547364,0.0264722186065418
851,UPF2,2.08880796506079,0.036725013131547364,0.0345311482844537
852,RAB40B,-2.08880796506079,0.036725013131547364,0.0016642626412491
853,UEVLD,2.08880796506079,0.036725013131547364,0.0442239834411044
854,CRHR2,-2.087001037755374,0.036888040739631714,0.0053522160905357
855,LOC100130776,-2.085194110449958,0.037051684294960294,0.0006181921622362
856,SMG8,2.085194110449958,0.037051684294960294,0.0095419920298697
857,C10orf108,2.085194110449958,0.037051684294960294,0.0018556507229612
858,ZNHIT1,-2.0833871831445423,0.037215945588379554,0.0075736822597206
859,RBM46,2.0833871831445423,0.037215945588379554,0.0145790898086832
860,CD34,2.081580255839126,0.037380826413454846,0.0209222773371925
861,HNRNPA3P1,2.081580255839126,0.037380826413454846,0.0432513059607638
862,C10orf82,-2.081580255839126,0.037380826413454846,0.0045146476643993
863,AKAP5,-2.081580255839126,0.037380826413454846,0.0008860527361956
864,MTMR14,-2.0797733285337103,0.03754632856646285,0.0212891284365168
865,RIMBP2,-2.0797733285337103,0.03754632856646285,0.0021488983983896
866,XRN1,2.0797733285337103,0.03754632856646285,0.0408100001768782
867,PPP1R35,-2.0797733285337103,0.03754632856646285,0.0137054780902593
868,NPTXR,-2.0779664012282946,0.03771245384638453,0.0076858489951227
869,LYST,2.0761594739228784,0.03787920405489743,0.0248926927347922
870,GTF2IP1,-2.0761594739228784,0.03787920405489743,0.0014437391079807
871,MDM2,-2.072545619312047,0.038214586477844634,7.84518247444844e-10
872,CAMK2N1,-2.072545619312047,0.038214586477844634,0.0045969369452938
873,FBXL18,-2.072545619312047,0.038214586477844634,0.0293815009406325
874,RASAL1,-2.0707386920066306,0.03838322230904914,7.96016079465884e-05
875,MLLT10,2.0707386920066306,0.03838322230904914,0.0092148456032449
876,FAM153C,-2.067124837395799,0.03872239227285242,0.0103279965048511
877,GLIS3-AS1,2.065317910090383,0.03889293003819461,0.019807157696911
878,CCDC82,2.063510982784967,0.0390641054187356,0.0056165592390873
879,RAPGEFL1,-2.063510982784967,0.0390641054187356,0.0233908598742767
880,TOLLIP,-2.063510982784967,0.0390641054187356,0.0032270222739621
881,UBE2D4,-2.063510982784967,0.0390641054187356,0.0032630013436994
882,SAV1,2.063510982784967,0.0390641054187356,0.0228995605038588
883,IFT88,2.063510982784967,0.0390641054187356,0.0360545170123989
884,EPB41L1,-2.063510982784967,0.0390641054187356,0.0031133671895796
885,LOC100189589,-2.0617040554795514,0.03923592023744944,0.0001012223190479
886,CDYL,2.0617040554795514,0.03923592023744944,0.0110994198718852
887,SPAG9,2.059897128174135,0.03940837631993684,0.046856779368826
888,LYAR,2.059897128174135,0.03940837631993684,0.0281359088645665
889,HAGH,-2.0580902008687194,0.03958147549441674,0.029062713036077
890,PHKB,2.0580902008687194,0.03958147549441674,0.0489727304321975
891,RTN4RL1,-2.0562832735633036,0.039755219591718606,0.0007573822678665
892,WNT1,-2.0562832735633036,0.039755219591718606,0.0215054454802661
893,ASPH,2.0544763462578874,0.03992961044527372,0.0303848064267846
894,MEF2BNB,-2.0526694189524717,0.04010464989110719,0.0148948318514138
895,CLEC2L,-2.0526694189524717,0.04010464989110719,0.0006607547959311
896,ACTR1B,-2.0526694189524717,0.04010464989110719,0.042239835236606
897,CLEC4GP1,-2.050862491647056,0.04028033976782949,9.77385969732208e-05
898,DOK7,-2.050862491647056,0.04028033976782949,0.0257204645907655
899,CCNB3,2.050862491647056,0.04028033976782949,0.0173094122635399
900,HMGN5,2.0490555643416397,0.040456681916628046,0.0038347878233835
901,VTA1,2.0490555643416397,0.040456681916628046,0.043457781346687
902,NDUFS8,-2.0490555643416397,0.040456681916628046,0.0193099043031611
903,SLC35A3,2.047248637036224,0.04063367818125858,0.0348136003804665
904,SNORD18A,2.047248637036224,0.04063367818125858,0.0278844939148267
905,GPR133,-2.045441709730808,0.040811330408036896,0.0345188136533825
906,DLG5,2.043634782425392,0.040989640445829915,0.0385405344668304
907,CAPN8,-2.043634782425392,0.040989640445829915,0.04261511333167
908,SLC34A2,2.043634782425392,0.040989640445829915,0.0371544730516187
909,CLCN5,2.041827855119976,0.04116861014604713,0.0136832750716644
910,OLFM2,-2.041827855119976,0.04116861014604713,0.0138283863204027
911,DNAH7,2.0400209278145605,0.041348241362631835,0.006146757703108
912,HTR5A,-2.0364070732037285,0.04170949577329308,0.0002612483799676
913,ANTXR1,2.0364070732037285,0.04170949577329308,0.0262774965309353
914,NUP153,2.0364070732037285,0.04170949577329308,0.0239308926027823
915,BLCAP,-2.0346001458983127,0.04189112268784543,0.0419052799111575
916,METTL18,2.0346001458983127,0.04189112268784543,0.0249628514547341
917,DNM1,-2.0327932185928965,0.04207341855969907,9.7424979092981e-05
918,LINC00523,-2.0327932185928965,0.04207341855969907,0.0005597451870101
919,ZNF131,2.0309862912874808,0.042256385255332575,0.0290485089469754
920,PLLP,-2.0309862912874808,0.042256385255332575,0.0453476351394658
921,RGS7,-2.0309862912874808,0.042256385255332575,0.0270756576779179
922,NCDN,-2.0309862912874808,0.042256385255332575,0.0006117409938871
923,SNX21,-2.029179363982065,0.042440024643704465,0.0422103828132454
924,CCDC64,-2.027372436676649,0.04262433859624399,0.0028508111184334
925,PCDHB3,-2.025565509371233,0.04280932898684158,0.0070285785413599
926,TRNP1,-2.025565509371233,0.04280932898684158,0.0405338737016964
927,CCDC85B,-2.0237585820658173,0.04299499769183984,0.030175567368109
928,PRRT1,-2.021951654760401,0.04318134659002395,0.0009700473362941
929,ASB7,2.021951654760401,0.04318134659002395,0.0285768318723197
930,CNKSR2,-2.021951654760401,0.04318134659002395,0.0107267503997683
931,CUX1,-2.0201447274549853,0.0433683775626121,0.0187802729853047
932,TIPARP,2.0201447274549853,0.0433683775626121,0.0367063760740271
933,ZNF507,2.0201447274549853,0.0433683775626121,0.0371613640453837
934,VPS37D,-2.0201447274549853,0.0433683775626121,0.01652898755084
935,SLC22A20,2.0201447274549853,0.0433683775626121,0.0047118189228093
936,BMP2,2.0183378001495695,0.04355609249324611,0.0149273686347127
937,CD81,-2.0183378001495695,0.04355609249324611,0.0436350569630812
938,ZNF830,2.0165308728441538,0.043744493267981896,0.0088619097996136
939,SLC22A17,-2.0165308728441538,0.043744493267981896,0.0067119620549334
940,SPDYC,-2.0165308728441538,0.043744493267981896,0.0390238224756029
941,CHRNB3,-2.0147239455387376,0.04393358177527946,0.0043762304730065
942,PTPRR,-2.012917018233322,0.04412335990599329,0.0319073895703168
943,FAM35A,2.012917018233322,0.04412335990599329,0.003094062694178
944,CLCNKB,-2.012917018233322,0.04412335990599329,0.0060328570971856
945,CHGB,-2.011110090927906,0.04431382955336268,0.048019277381237
946,CBWD2,2.011110090927906,0.04431382955336268,0.03241733924613
947,RPP38,2.011110090927906,0.04431382955336268,0.0084418140938201
948,GOLT1A,-2.00930316362249,0.04450499261300184,0.0186908907428191
949,CCBE1,-2.00930316362249,0.04450499261300184,2.77045772527752e-06
950,APOBEC4,2.00930316362249,0.04450499261300184,2.12396974971412e-05
951,ANKRD13C,2.007496236317074,0.0446968509828895,0.0250940067117348
952,KLHDC3,-2.007496236317074,0.0446968509828895,0.0278250669365183
953,ATPIF1,-2.007496236317074,0.0446968509828895,0.0307661690800885
954,ARL6IP6,2.0056893090116583,0.044889406563359616,0.0298508311124065
955,MAP4K3,2.0056893090116583,0.044889406563359616,0.0410087199789335
956,GPR110,-2.0056893090116583,0.044889406563359616,0.0022319422576696
957,LYSMD3,2.0056893090116583,0.044889406563359616,0.0401119600065808
958,PSMD12,2.0056893090116583,0.044889406563359616,0.0267631280649911
959,LOC100128675,-2.0056893090116583,0.044889406563359616,0.0024554578790878
960,PRKCI,2.003882381706242,0.04508266125709067,0.0301324114303513
961,DIEXF,2.003882381706242,0.04508266125709067,0.0441174246795577
962,BRD7P3,2.003882381706242,0.04508266125709067,0.0120258784441203
963,SLC26A6,-2.0020754544008263,0.04527661696909573,0.0116575406018084
964,C18orf32,-2.0020754544008263,0.04527661696909573,0.0121714558683309
965,PQLC2,-2.0020754544008263,0.04527661696909573,0.0213618133928996
966,KLHL5,2.0020754544008263,0.04527661696909573,0.0193507802452406
967,FABP3,-2.0002685270954106,0.04547127560671237,0.0013108840133777
968,CLDN10,-1.9984615997899944,0.04566663907959232,0.0062444551321166
969,MMP24,-1.9984615997899944,0.04566663907959232,0.0063044243197668
970,NDUFS6,-1.9984615997899944,0.04566663907959232,0.0107434505005354
971,TYRO3,-1.9984615997899944,0.04566663907959232,0.0019813284695335
972,GOLGA7B,-1.9984615997899944,0.04566663907959232,0.0342436243333773
973,SLC8A2,-1.9966546724845786,0.04586270929969078,6.16017438454649e-05
974,C15orf59,-1.9948477451791626,0.04605948818125647,0.0329054699644211
975,SRM,-1.9948477451791626,0.04605948818125647,0.0491174263941205
976,OPRL1,-1.9948477451791626,0.04605948818125647,0.0131203868165623
977,HPN,-1.9930408178737467,0.046256977640820866,0.0214155942847767
978,MTRF1L,1.9930408178737467,0.046256977640820866,0.0399940403474822
979,ATP11B,1.9912338905683309,0.04645517959718774,0.0396857298942054
980,LRRN2,-1.9912338905683309,0.04645517959718774,0.0071961994132349
981,GABRG2,-1.989426963262915,0.04665409597142249,0.0017139533047626
982,GJD4,-1.989426963262915,0.04665409597142249,0.0397677850207485
983,DHRS11,-1.987620035957499,0.04685372868684146,0.0272893323422684
984,SUMO1P1,-1.9858131086520832,0.04705407966900114,0.0072482951609962
985,DEAF1,-1.9858131086520832,0.04705407966900114,0.0219785928558399
986,CRYM-AS1,-1.9840061813466672,0.04725515084568738,0.028533838492061
987,NKX2-4,1.9840061813466672,0.04725515084568738,2.78350496026653e-05
988,C1orf114,1.9840061813466672,0.04725515084568738,0.0103417966994329
989,MAPK8IP2,-1.9840061813466672,0.04725515084568738,0.0017380719657559
990,PHPT1,-1.9821992540412512,0.047456944146904496,0.0150147806319245
991,PEX16,-1.9821992540412512,0.047456944146904496,0.0430423112694626
992,SSNA1,-1.9803923267358354,0.04765946150486426,0.0336312201819868
993,DBC1,-1.9785853994304194,0.04786270485397496,0.0154526955450185
994,AK5,-1.9767784721250037,0.048066676130830155,0.0001127915775251
995,LOC339442,-1.9767784721250037,0.048066676130830155,0.0017189055158496
996,MRPL23,-1.9749715448195877,0.04827137727419758,0.015611462759486
997,LOC653501,1.9749715448195877,0.04827137727419758,0.0255336728357199
998,OTOGL,1.9749715448195877,0.04827137727419758,0.0292610394904735
999,MAP6D1,-1.971357690208756,0.04868297692634344,0.0151570739981399
1000,CXorf38,1.967743835597924,0.049097519363609135,0.0181185034302976
1001,MIR29C,-1.967743835597924,0.049097519363609135,0.0001298543271764
1002,SYNDIG1L,-1.967743835597924,0.049097519363609135,7.87502398057695e-06
1003,SDF2L1,-1.9659369082925082,0.04930589899635923,0.0254991794673287
1004,DGCR5,-1.9623230536816763,0.04972488484795382,0.0132690881297923
1005,LOC283070,-1.9623230536816763,0.04972488484795382,0.0062809075101945
1006,TTC9,-1.9623230536816763,0.04972488484795382,0.0246112538962992
1007,MUSTN1,-1.9605161263762605,0.04993549497621732,0.0117119236387047
1008,BBS2,1.9605161263762605,0.04993549497621732,0.0346023997192406
1009,LOC283922,1.9605161263762605,0.04993549497621732,0.0244284297800801
